{"cameraMode":{"drawMode":0,"name":"Shaded","section":"Shading Mode"},"sceneLighting":false,"audioPlay":false,"sceneViewState":{"showFog":true,"showMaterialUpdate":false,"showSkybox":true,"showFlares":true,"showImageEffects":true,"showParticleSystems":true},"in2DMode":false,"pivot":{"x":15.003868103027344,"y":26.944503784179689,"z":56.260902404785159},"rotation":{"x":-0.29323530197143557,"y":0.46310287714004519,"z":-0.16564176976680757,"w":-0.8198258876800537},"size":2.8578836917877199,"orthographic":false}