{"cameraMode":{"drawMode":0,"name":"Shaded","section":"Shading Mode"},"sceneLighting":false,"audioPlay":false,"sceneViewState":{"showFog":true,"showMaterialUpdate":false,"showSkybox":true,"showFlares":true,"showImageEffects":true,"showParticleSystems":true},"in2DMode":false,"pivot":{"x":0.0004868507385253906,"y":-0.423295259475708,"z":0.5461754202842712},"rotation":{"x":-0.18857136368751527,"y":-0.7801476716995239,"z":0.2790444493293762,"w":-0.5272125005722046},"size":2.8578836917877199,"orthographic":false}