{"cameraMode":{"drawMode":0,"name":"Shaded","section":"Shading Mode"},"sceneLighting":false,"audioPlay":false,"sceneViewState":{"showFog":true,"showMaterialUpdate":false,"showSkybox":true,"showFlares":true,"showImageEffects":true,"showParticleSystems":true},"in2DMode":false,"pivot":{"x":0.07856390625238419,"y":-0.6431887149810791,"z":1.02809739112854},"rotation":{"x":-0.22748756408691407,"y":-0.0058504268527030949,"z":0.0013699585106223822,"w":-0.9737688302993774},"size":4.0578837394714359,"orthographic":false}